Created Fleet,2020.04.26 23:43:51,
Adaugat Autoturism,2020.04.26 23:43:51,
Adaugat Autoturism,2020.04.26 23:43:51,
Created Fleet,2020.06.02 12:27:37,
Adaugat Autoturism,2020.06.02 12:27:37,
Adaugat Autoturism,2020.06.02 12:27:37,
Created Fleet,2020.06.05 17:19:54,
Adaugat Autoturism,2020.06.05 17:19:54,
Adaugat Autoturism,2020.06.05 17:19:54,
Created Fleet,2020.06.05 17:20:07,
Adaugat Autoturism,2020.06.05 17:20:07,
Adaugat Autoturism,2020.06.05 17:20:07,
Created Fleet,2020.06.06 01:41:47,
Created Fleet,2020.06.06 01:41:47,
Created Fleet,2020.06.06 01:42:33,
Created Fleet,2020.06.06 01:42:33,
Created Fleet,2020.06.06 01:43:15,
Created Fleet,2020.06.06 01:43:15,
Created Fleet,2020.06.06 01:44:14,
Created Fleet,2020.06.06 01:44:14,
